domain,corpus,control,diff,overused?,log likelihood,p value,p value after bonferroni,significance level,log ratio,abs(log ratio)
X5.2++,24684,252,24432,+,31347.9506,0,0,99.99,6.5901,6.5901
E3++,186,10,176,+,189.8163,0,0,99.99,4.1933,4.1933
Q2.1+,227,15,212,+,219.5064,0,0,99.99,3.8957,3.8957
X7++,791,70,721,+,696.2073,0,0,99.99,3.4743,3.4743
B3,208346,23736,184610,+,165489.8153,0,0,99.99,3.1099,3.1099
A1.3-,1915,219,1696,+,1518.4661,0,0,99.99,3.1044,3.1044
S1.1.1-,122,14,108,+,96.5866,0,0,99.99,3.0995,3.0995
B2+++,85,10,75,+,66.5263,0,0,99.99,3.0635,3.0635
E1,35880,5351,30529,+,24826.8768,0,0,99.99,2.7214,2.7214
E4.1-,77356,11922,65434,+,52503.6298,0,0,99.99,2.674,2.674
Z7-,131,23,108,+,81.8615,0,0,99.99,2.4859,2.4859
X5.1,115,21,94,+,69.9484,0,0,99.99,2.4292,2.4292
B2,9114,1677,7437,+,5514.0009,0,0,99.99,2.4183,2.4183
X9.2,2319,448,1871,+,1354.4629,0,0,99.99,2.348,2.348
A2.1-,14216,2818,11398,+,8144.313,0,0,99.99,2.3108,2.3108
E4.1--,97,20,77,+,53.9018,0,0,99.99,2.2541,2.2541
B2-,154833,32089,122744,+,85688.9001,0,0,99.99,2.2466,2.2466
N5.1+++,3330,823,2507,+,1580.7983,0,0,99.99,1.9926,1.9926
E4.1---,257,68,189,+,114.0248,0,0,99.99,1.8942,1.8942
A5.1--,9525,2595,6930,+,4098.7274,0,0,99.99,1.8521,1.8521
E2,939,269,670,+,382.4526,0,0,99.99,1.7796,1.7796
X7,106,31,75,+,42.1692,0,0,99.99,1.7498,1.7498
X1,6711,1971,4740,+,2656.7173,0,0,99.99,1.7437,1.7437
W2---,163,49,114,+,62.7864,0,0,99.99,1.7101,1.7101
F2+++,502,155,347,+,187.2043,0,0,99.99,1.6715,1.6715
B2++,416,129,287,+,154.3126,0,0,99.99,1.6653,1.6653
E6-,49169,15372,33797,+,18055.0124,0,0,99.99,1.6535,1.6535
L1+,34925,12014,22911,+,11298.8111,0,0,99.99,1.5156,1.5156
X8+++,548,190,358,+,175.3236,0,0,99.99,1.5042,1.5042
N3.6-,656,237,419,+,197.6441,0,0,99.99,1.4449,1.4449
X2.6,546,207,339,+,152.6717,0,0,99.99,1.3753,1.3753
E5-,29799,11552,18247,+,8036.1345,0,0,99.99,1.3432,1.3432
N6,24818,9698,15120,+,6605.0033,0,0,99.99,1.3317,1.3317
B2+,7753,3218,4535,+,1857.5386,0,0,99.99,1.2447,1.2447
A6.3+,8856,4054,4802,+,1751.0381,0,0,99.99,1.1034,1.1034
X5.1+,10295,4842,5453,+,1919.8579,0,0,99.99,1.0643,1.0643
T4,393,187,206,+,71.41,0,0,99.99,1.0476,1.0476
T1.3+++,501,250,251,+,81.4138,0,0,99.99,0.979,0.979
X2,10212,5187,5025,+,1587.8828,0,0,99.99,0.9534,0.9534
A5.1---,5371,2749,2622,+,819.0912,0,0,99.99,0.9424,0.9424
S1.1.1,24776,12738,12038,+,3735.0076,0,0,99.99,0.9359,0.9359
T1.3+,19675,10308,9367,+,2822.602,0,0,99.99,0.9087,0.9087
E4.1++,823,440,383,+,111.7262,0,0,99.99,0.8795,0.8795
X3-,1089,583,506,+,147.281,0,0,99.99,0.8775,0.8775
A6.1-,141960,78456,63504,+,17519.847,0,0,99.99,0.8316,0.8316
S8+,90855,50284,40571,+,11165.2195,0,0,99.99,0.8295,0.8295
A5.1-,40128,22453,17675,+,4771.7273,0,0,99.99,0.8138,0.8138
X2.5+,36710,20556,16154,+,4355.268,0,0,99.99,0.8127,0.8127
S1.2.5-,3376,1934,1442,+,373.0015,0,0,99.99,0.7798,0.7798
E4.1+++,344,198,146,+,37.434,0,0.0005,99.99,0.773,0.773
S1.1.3+++,462,271,191,+,47.2308,0,0,99.99,0.7457,0.7457
T3---,10469,6144,4325,+,1068.443,0,0,99.99,0.7449,0.7449
S5-,20429,12063,8366,+,2041.9891,0,0,99.99,0.7361,0.7361
F3,11603,6927,4676,+,1116.5437,0,0,99.99,0.7203,0.7203
F1-,1413,852,561,+,131.2568,0,0,99.99,0.7059,0.7059
X5.1-,3948,2394,1554,+,359.3462,0,0,99.99,0.6978,0.6978
S1.1.3-,1273,776,497,+,113.6589,0,0,99.99,0.6902,0.6902
N3.5,12558,7694,4864,+,1100.4168,0,0,99.99,0.6829,0.6829
X2.1,207440,127491,79949,+,17966.4598,0,0,99.99,0.6784,0.6784
T1.1,17737,10959,6778,+,1505.7395,0,0,99.99,0.6707,0.6707
E3+,12459,7714,4745,+,1049.3047,0,0,99.99,0.6677,0.6677
N6+,46513,29042,17471,+,3792.1131,0,0,99.99,0.6556,0.6556
T1.3,181225,115629,65596,+,13547.4761,0,0,99.99,0.6243,0.6243
X3.4+,6895,4405,2490,+,512.6854,0,0,99.99,0.6225,0.6225
E4.2-,4167,2666,1501,+,308.0005,0,0,99.99,0.6204,0.6204
F2++,2989,1930,1059,+,212.5568,0,0,99.99,0.6071,0.6071
X8+,60749,39258,21491,+,4304.9299,0,0,99.99,0.6059,0.6059
I3.1,72214,47226,24988,+,4860.2843,0,0,99.99,0.5888,0.5888
A15-,6222,4069,2153,+,418.7737,0,0,99.99,0.5888,0.5888
S3.1,41529,27168,14361,+,2790.9188,0,0,99.99,0.5883,0.5883
S8-,18570,12211,6359,+,1219.8432,0,0,99.99,0.5809,0.5809
A1.4+,4240,2857,1383,+,248.787,0,0,99.99,0.5456,0.5456
T1.3-,4430,3001,1429,+,253.3276,0,0,99.99,0.5379,0.5379
A4.2-,3450,2343,1107,+,194.8827,0,0,99.99,0.5343,0.5343
A2.1+,97387,66629,30758,+,5303.4485,0,0,99.99,0.5236,0.5236
A6.2+,44228,30325,13903,+,2382.4548,0,0,99.99,0.5205,0.5205
X7-,3708,2576,1132,+,186.6915,0,0,99.99,0.5016,0.5016
X4.1,51151,35612,15539,+,2546.2811,0,0,99.99,0.4985,0.4985
E4.2+,10511,7335,3176,+,516.7921,0,0,99.99,0.4951,0.4951
S1.2,8613,6024,2589,+,418.4245,0,0,99.99,0.4919,0.4919
X8++,839,587,252,+,40.6858,0,0.0001,99.99,0.4914,0.4914
T2-,49763,35353,14410,+,2218.2123,0,0,99.99,0.4693,0.4693
X2.2+,109096,77962,31134,+,4702.5895,0,0,99.99,0.4608,0.4608
O1,20990,15112,5878,+,866.2928,0,0,99.99,0.4501,0.4501
M8,16947,12202,4745,+,699.1583,0,0,99.99,0.45,0.45
T1.1.1,59883,43180,16703,+,2448.9966,0,0,99.99,0.4479,0.4479
A12-,27629,19950,7679,+,1120.6871,0,0,99.99,0.4459,0.4459
X5.2-,6967,5036,1931,+,280.8022,0,0,99.99,0.4443,0.4443
A13.3,196991,144674,52317,+,7198.2828,0,0,99.99,0.4214,0.4214
X9.2-,20742,15241,5501,+,755.5163,0,0,99.99,0.4207,0.4207
S4,56975,41959,15016,+,2045.6616,0,0,99.99,0.4174,0.4174
I3.2+,3001,2220,781,+,104.6726,0,0,99.99,0.411,0.411
T1.1.2,92593,68577,24016,+,3204.7232,0,0,99.99,0.4092,0.4092
T2++,55448,41352,14096,+,1832.8191,0,0,99.99,0.3992,0.3992
A1.3+,3621,2725,896,+,112.5055,0,0,99.99,0.3862,0.3862
X2.6+,27317,20603,6714,+,835.7204,0,0,99.99,0.383,0.383
Z8,3140322,2377466,762856,+,93532.336,0,0,99.99,0.3776,0.3776
X6+,11763,9010,2753,+,321.6889,0,0,99.99,0.3607,0.3607
S1.1.2+,10688,8232,2456,+,280.2774,0,0,99.99,0.3527,0.3527
N6+++,20530,15830,4700,+,533.7802,0,0,99.99,0.3511,0.3511
N3.7-,6194,4820,1374,+,149.8211,0,0,99.99,0.3379,0.3379
T2+,47456,37203,10253,+,1080.5427,0,0,99.99,0.3272,0.3272
T1.3++,2610,2083,527,+,50.8858,0,0,99.99,0.3015,0.3015
T1,57160,46002,11158,+,1031.2292,0,0,99.99,0.2894,0.2894
A13.7,17766,14310,3456,+,317.9684,0,0,99.99,0.2882,0.2882
T4--,5014,4040,974,+,89.4496,0,0,99.99,0.2877,0.2877
A13.1,27869,22490,5379,+,489.8865,0,0,99.99,0.2854,0.2854
S1.2.3+,3257,2629,628,+,57.1195,0,0,99.99,0.2851,0.2851
A5.1++,23358,19005,4353,+,378.7918,0,0,99.99,0.2736,0.2736
A7+++,13764,11288,2476,+,205.7673,0,0,99.99,0.2622,0.2622
E6+,5107,4203,904,+,73.5623,0,0,99.99,0.2571,0.2571
E2-,12006,9954,2052,+,159.4978,0,0,99.99,0.2465,0.2465
O4.5,14582,12096,2486,+,192.5946,0,0,99.99,0.2457,0.2457
A9+,343245,284924,58321,+,4498.3197,0,0,99.99,0.2447,0.2447
T2+++,3275,2741,534,+,39.0183,0,0.0002,99.99,0.2329,0.2329
A13.4,38295,32061,6234,+,454.5329,0,0,99.99,0.2324,0.2324
X2.3+,11981,10067,1914,+,136.1335,0,0,99.99,0.2272,0.2272
A3+,786588,663358,123230,+,8541.5778,0,0,99.99,0.2219,0.2219
A13.2,41788,35250,6538,+,452.3817,0,0,99.99,0.2215,0.2215
O4.2-,18697,15816,2881,+,195.3601,0,0,99.99,0.2175,0.2175
A7-,6147,5264,883,+,54.5346,0,0,99.99,0.1998,0.1998
A6.2-,12062,10416,1646,+,94.8834,0,0,99.99,0.1877,0.1877
N6-,9955,8640,1315,+,72.5386,0,0,99.99,0.1805,0.1805
T3,19258,16731,2527,+,138.1413,0,0,99.99,0.179,0.179
Z6,342566,297880,44686,+,2423.259,0,0,99.99,0.1777,0.1777
X2.2-,9168,7974,1194,+,64.6076,0,0,99.99,0.1774,0.1774
T1.2,14924,13034,1890,+,98.4374,0,0,99.99,0.1714,0.1714
N3.8+,19201,16783,2418,+,124.971,0,0,99.99,0.1703,0.1703
N5-,29142,25474,3668,+,189.4425,0,0,99.99,0.1701,0.1701
B1,138381,122056,16325,+,771.1007,0,0,99.99,0.1572,0.1572
S1.2.5+,7110,6290,820,+,37.5307,0,0.0004,99.99,0.1529,0.1529
F2,24940,22093,2847,+,128.4513,0,0,99.99,0.1509,0.1509
X7+,108540,96788,11752,+,492.1869,0,0,99.99,0.1414,0.1414
A13,9882,8834,1048,+,42.6173,0,0,99.99,0.1378,0.1378
N5+,84572,75823,8749,+,343.3762,0,0,99.99,0.1336,0.1336
N5.2+,21702,19513,2189,+,82.8418,0,0,99.99,0.1295,0.1295
N3.7+,14339,12938,1401,+,50.6273,0,0,99.99,0.1244,0.1244
A13.6,22426,20350,2076,+,69.299,0,0,99.99,0.1162,0.1162
A7,17493,16024,1469,+,42.3435,0,0,99.99,0.1026,0.1026
A14,144851,133303,11548,+,307.1546,0,0,99.99,0.0959,0.0959
E3-,39901,36811,3090,+,78.5226,0,0,99.99,0.0924,0.0924
A2.2,89874,84301,5573,+,97.8871,0,0,99.99,0.0684,0.0684
S6+,97467,92994,4473,+,43.9646,0,0,99.99,0.0438,0.0438
A1.1.1,223633,214368,9265,+,72.4431,0,0,99.99,0.0371,0.0371
,,,,,,,,,,
,,,,,,,,,,
,,,,,,,,,,
,,,,,,,,,,
,,,,,,,,,,
,,,,,,,,,,
,,,,,,,,,,
,,,,,,,,,,
,,,,,,,,,,
,,,,,,,,,,
,,,,,,,,,,
,,,,,,,,,,
,,,,,,,,,,
,,,,,,,,,,
,,,,,,,,,,
,,,,,,,,,,
,,,,,,,,,,
,,,,,,,,,,
,,,,,,,,,,
,,,,,,,,,,
,,,,,,,,,,
,,,,,,,,,,
,,,,,,,,,,
,,,,,,,,,,
,,,,,,,,,,
,,,,,,,,,,
,,,,,,,,,,
,,,,,,,,,,
,,,,,,,,,,
,,,,,,,,,,
,,,,,,,,,,
,,,,,,,,,,
,,,,,,,,,,
,,,,,,,,,,
,,,,,,,,,,
,,,,,,,,,,
,,,,,,,,,,
,,,,,,,,,,
,,,,,,,,,,
,,,,,,,,,,
,,,,,,,,,,
,,,,,,,,,,
,,,,,,,,,,
,,,,,,,,,,
,,,,,,,,,,
,,,,,,,,,,
,,,,,,,,,,
,,,,,,,,,,
,,,,,,,,,,
,,,,,,,,,,
,,,,,,,,,,
,,,,,,,,,,
,,,,,,,,,,
,,,,,,,,,,
,,,,,,,,,,
,,,,,,,,,,
,,,,,,,,,,
,,,,,,,,,,
,,,,,,,,,,
,,,,,,,,,,
,,,,,,,,,,
,,,,,,,,,,
,,,,,,,,,,
,,,,,,,,,,
,,,,,,,,,,
,,,,,,,,,,
,,,,,,,,,,
,,,,,,,,,,
,,,,,,,,,,
,,,,,,,,,,
,,,,,,,,,,
,,,,,,,,,,
,,,,,,,,,,
,,,,,,,,,,
,,,,,,,,,,
,,,,,,,,,,
,,,,,,,,,,
,,,,,,,,,,
,,,,,,,,,,
,,,,,,,,,,
,,,,,,,,,,
,,,,,,,,,,
,,,,,,,,,,
,,,,,,,,,,
,,,,,,,,,,
,,,,,,,,,,
,,,,,,,,,,
,,,,,,,,,,
,,,,,,,,,,
,,,,,,,,,,
,,,,,,,,,,
,,,,,,,,,,
,,,,,,,,,,
,,,,,,,,,,
,,,,,,,,,,
,,,,,,,,,,
,,,,,,,,,,
,,,,,,,,,,
,,,,,,,,,,
,,,,,,,,,,
,,,,,,,,,,
,,,,,,,,,,
,,,,,,,,,,
,,,,,,,,,,
,,,,,,,,,,
,,,,,,,,,,
,,,,,,,,,,
,,,,,,,,,,
,,,,,,,,,,
,,,,,,,,,,
,,,,,,,,,,
,,,,,,,,,,
,,,,,,,,,,
,,,,,,,,,,
,,,,,,,,,,
,,,,,,,,,,
,,,,,,,,,,
,,,,,,,,,,
,,,,,,,,,,
,,,,,,,,,,
,,,,,,,,,,
,,,,,,,,,,
,,,,,,,,,,
,,,,,,,,,,
,,,,,,,,,,
,,,,,,,,,,
,,,,,,,,,,
,,,,,,,,,,
,,,,,,,,,,
,,,,,,,,,,
,,,,,,,,,,
,,,,,,,,,,
,,,,,,,,,,
,,,,,,,,,,
,,,,,,,,,,
,,,,,,,,,,
,,,,,,,,,,
,,,,,,,,,,
,,,,,,,,,,
,,,,,,,,,,
,,,,,,,,,,
,,,,,,,,,,
,,,,,,,,,,
,,,,,,,,,,
,,,,,,,,,,
,,,,,,,,,,
,,,,,,,,,,
,,,,,,,,,,
,,,,,,,,,,
,,,,,,,,,,
,,,,,,,,,,
,,,,,,,,,,
,,,,,,,,,,
,,,,,,,,,,
,,,,,,,,,,
,,,,,,,,,,
,,,,,,,,,,
,,,,,,,,,,
,,,,,,,,,,
,,,,,,,,,,
,,,,,,,,,,
,,,,,,,,,,
,,,,,,,,,,
,,,,,,,,,,
,,,,,,,,,,
,,,,,,,,,,
,,,,,,,,,,
,,,,,,,,,,
,,,,,,,,,,
,,,,,,,,,,
,,,,,,,,,,
,,,,,,,,,,
,,,,,,,,,,
,,,,,,,,,,
,,,,,,,,,,
,,,,,,,,,,
,,,,,,,,,,
,,,,,,,,,,
,,,,,,,,,,
,,,,,,,,,,
,,,,,,,,,,
,,,,,,,,,,
,,,,,,,,,,
,,,,,,,,,,
,,,,,,,,,,
,,,,,,,,,,
,,,,,,,,,,
,,,,,,,,,,
,,,,,,,,,,
,,,,,,,,,,
,,,,,,,,,,
,,,,,,,,,,
,,,,,,,,,,
,,,,,,,,,,
,,,,,,,,,,
,,,,,,,,,,
,,,,,,,,,,
,,,,,,,,,,
,,,,,,,,,,
,,,,,,,,,,
,,,,,,,,,,
,,,,,,,,,,
,,,,,,,,,,
,,,,,,,,,,
,,,,,,,,,,
,,,,,,,,,,
,,,,,,,,,,
,,,,,,,,,,
,,,,,,,,,,
,,,,,,,,,,
,,,,,,,,,,
,,,,,,,,,,
,,,,,,,,,,
,,,,,,,,,,
,,,,,,,,,,
,,,,,,,,,,
,,,,,,,,,,
,,,,,,,,,,
,,,,,,,,,,
,,,,,,,,,,
,,,,,,,,,,
,,,,,,,,,,
,,,,,,,,,,
,,,,,,,,,,
,,,,,,,,,,
,,,,,,,,,,
,,,,,,,,,,
,,,,,,,,,,
,,,,,,,,,,
,,,,,,,,,,
,,,,,,,,,,
,,,,,,,,,,
,,,,,,,,,,
,,,,,,,,,,
,,,,,,,,,,
,,,,,,,,,,
,,,,,,,,,,
,,,,,,,,,,
,,,,,,,,,,
,,,,,,,,,,
,,,,,,,,,,
,,,,,,,,,,
,,,,,,,,,,
,,,,,,,,,,
,,,,,,,,,,
,,,,,,,,,,
,,,,,,,,,,
,,,,,,,,,,
,,,,,,,,,,
,,,,,,,,,,
,,,,,,,,,,
,,,,,,,,,,
,,,,,,,,,,
,,,,,,,,,,
,,,,,,,,,,
,,,,,,,,,,
,,,,,,,,,,
,,,,,,,,,,
,,,,,,,,,,
,,,,,,,,,,
,,,,,,,,,,
,,,,,,,,,,
,,,,,,,,,,
,,,,,,,,,,
,,,,,,,,,,
,,,,,,,,,,
,,,,,,,,,,
,,,,,,,,,,
,,,,,,,,,,
,,,,,,,,,,
,,,,,,,,,,
,,,,,,,,,,
,,,,,,,,,,
,,,,,,,,,,
,,,,,,,,,,
,,,,,,,,,,
,,,,,,,,,,
,,,,,,,,,,
,,,,,,,,,,
,,,,,,,,,,
,,,,,,,,,,
,,,,,,,,,,
,,,,,,,,,,
,,,,,,,,,,
,,,,,,,,,,
,,,,,,,,,,
,,,,,,,,,,
,,,,,,,,,,
,,,,,,,,,,
,,,,,,,,,,
,,,,,,,,,,
,,,,,,,,,,
,,,,,,,,,,
,,,,,,,,,,
,,,,,,,,,,
,,,,,,,,,,
,,,,,,,,,,
,,,,,,,,,,
,,,,,,,,,,
,,,,,,,,,,
,,,,,,,,,,
,,,,,,,,,,
,,,,,,,,,,
,,,,,,,,,,
,,,,,,,,,,
,,,,,,,,,,
,,,,,,,,,,
,,,,,,,,,,
,,,,,,,,,,
,,,,,,,,,,
,,,,,,,,,,
,,,,,,,,,,
,,,,,,,,,,
,,,,,,,,,,
,,,,,,,,,,
,,,,,,,,,,
,,,,,,,,,,
,,,,,,,,,,
,,,,,,,,,,
,,,,,,,,,,
,,,,,,,,,,
,,,,,,,,,,
,,,,,,,,,,
,,,,,,,,,,
,,,,,,,,,,
,,,,,,,,,,
,,,,,,,,,,
,,,,,,,,,,
,,,,,,,,,,
,,,,,,,,,,
,,,,,,,,,,
,,,,,,,,,,
,,,,,,,,,,
,,,,,,,,,,
,,,,,,,,,,
,,,,,,,,,,
,,,,,,,,,,
,,,,,,,,,,
,,,,,,,,,,
,,,,,,,,,,
,,,,,,,,,,
,,,,,,,,,,
,,,,,,,,,,
,,,,,,,,,,
,,,,,,,,,,
,,,,,,,,,,
,,,,,,,,,,
,,,,,,,,,,
,,,,,,,,,,
,,,,,,,,,,
,,,,,,,,,,
,,,,,,,,,,
,,,,,,,,,,
,,,,,,,,,,
,,,,,,,,,,
,,,,,,,,,,
,,,,,,,,,,
,,,,,,,,,,
,,,,,,,,,,
,,,,,,,,,,
,,,,,,,,,,
,,,,,,,,,,
,,,,,,,,,,
,,,,,,,,,,
,,,,,,,,,,
,,,,,,,,,,
,,,,,,,,,,
,,,,,,,,,,
,,,,,,,,,,
,,,,,,,,,,
,,,,,,,,,,
,,,,,,,,,,
,,,,,,,,,,
,,,,,,,,,,
,,,,,,,,,,
,,,,,,,,,,
,,,,,,,,,,
,,,,,,,,,,
,,,,,,,,,,
,,,,,,,,,,
,,,,,,,,,,
,,,,,,,,,,
,,,,,,,,,,
,,,,,,,,,,
,,,,,,,,,,
,,,,,,,,,,
,,,,,,,,,,
,,,,,,,,,,
,,,,,,,,,,
,,,,,,,,,,
,,,,,,,,,,
,,,,,,,,,,
,,,,,,,,,,
,,,,,,,,,,
,,,,,,,,,,
,,,,,,,,,,
,,,,,,,,,,
,,,,,,,,,,
,,,,,,,,,,
,,,,,,,,,,
,,,,,,,,,,
,,,,,,,,,,
,,,,,,,,,,
,,,,,,,,,,
,,,,,,,,,,
,,,,,,,,,,
,,,,,,,,,,
,,,,,,,,,,
,,,,,,,,,,
,,,,,,,,,,
,,,,,,,,,,
,,,,,,,,,,
,,,,,,,,,,
,,,,,,,,,,
,,,,,,,,,,
,,,,,,,,,,
,,,,,,,,,,
,,,,,,,,,,
,,,,,,,,,,
,,,,,,,,,,
,,,,,,,,,,
,,,,,,,,,,
,,,,,,,,,,
,,,,,,,,,,
,,,,,,,,,,
,,,,,,,,,,
,,,,,,,,,,
,,,,,,,,,,
,,,,,,,,,,
,,,,,,,,,,
,,,,,,,,,,
,,,,,,,,,,
,,,,,,,,,,
,,,,,,,,,,
,,,,,,,,,,
,,,,,,,,,,
,,,,,,,,,,
,,,,,,,,,,
,,,,,,,,,,
,,,,,,,,,,
,,,,,,,,,,
,,,,,,,,,,
,,,,,,,,,,
,,,,,,,,,,
,,,,,,,,,,
,,,,,,,,,,
,,,,,,,,,,
,,,,,,,,,,
,,,,,,,,,,
,,,,,,,,,,
,,,,,,,,,,
,,,,,,,,,,
,,,,,,,,,,
,,,,,,,,,,
,,,,,,,,,,
,,,,,,,,,,
,,,,,,,,,,
,,,,,,,,,,
,,,,,,,,,,
,,,,,,,,,,
,,,,,,,,,,
,,,,,,,,,,
,,,,,,,,,,
,,,,,,,,,,
,,,,,,,,,,
,,,,,,,,,,
,,,,,,,,,,
,,,,,,,,,,
,,,,,,,,,,
,,,,,,,,,,
,,,,,,,,,,
,,,,,,,,,,
,,,,,,,,,,
,,,,,,,,,,
,,,,,,,,,,
,,,,,,,,,,
,,,,,,,,,,
,,,,,,,,,,
,,,,,,,,,,
,,,,,,,,,,
,,,,,,,,,,
,,,,,,,,,,
,,,,,,,,,,
,,,,,,,,,,
,,,,,,,,,,
,,,,,,,,,,
,,,,,,,,,,
,,,,,,,,,,
,,,,,,,,,,
,,,,,,,,,,
,,,,,,,,,,
,,,,,,,,,,
,,,,,,,,,,
,,,,,,,,,,
,,,,,,,,,,
,,,,,,,,,,
,,,,,,,,,,
,,,,,,,,,,
,,,,,,,,,,
,,,,,,,,,,
,,,,,,,,,,
,,,,,,,,,,
,,,,,,,,,,
,,,,,,,,,,
,,,,,,,,,,
,,,,,,,,,,
,,,,,,,,,,
,,,,,,,,,,
,,,,,,,,,,
,,,,,,,,,,
,,,,,,,,,,
,,,,,,,,,,
,,,,,,,,,,
,,,,,,,,,,
,,,,,,,,,,
,,,,,,,,,,
,,,,,,,,,,
,,,,,,,,,,
,,,,,,,,,,
,,,,,,,,,,
,,,,,,,,,,
,,,,,,,,,,
,,,,,,,,,,
,,,,,,,,,,
,,,,,,,,,,
,,,,,,,,,,
,,,,,,,,,,
,,,,,,,,,,
,,,,,,,,,,
,,,,,,,,,,
,,,,,,,,,,
,,,,,,,,,,
,,,,,,,,,,
,,,,,,,,,,
,,,,,,,,,,
,,,,,,,,,,
,,,,,,,,,,
,,,,,,,,,,
,,,,,,,,,,
,,,,,,,,,,
,,,,,,,,,,
,,,,,,,,,,
,,,,,,,,,,
,,,,,,,,,,
,,,,,,,,,,
,,,,,,,,,,
,,,,,,,,,,
,,,,,,,,,,
,,,,,,,,,,
,,,,,,,,,,
,,,,,,,,,,
,,,,,,,,,,
,,,,,,,,,,
,,,,,,,,,,
,,,,,,,,,,
,,,,,,,,,,
,,,,,,,,,,
,,,,,,,,,,
,,,,,,,,,,
,,,,,,,,,,
,,,,,,,,,,
,,,,,,,,,,
,,,,,,,,,,
